,freq_center,freq_center_err,E,D,detect_red_first,data_indices,start_time,end_time
0,139290.97321010422,24.89910964161622,True,False,True,"[861853, 861854, 861855, 861856]",1720498874.6691077,1720498882.378923
1,139328.96204286258,22.751771304200965,True,True,True,"[861853, 861854, 861855, 861856]",1720498874.6691077,1720498882.378923
2,139517.65111770268,16.056415741518133,False,True,True,"[861857, 861858, 861859, 861860]",1720498882.3841975,1720498890.051069
3,139549.49316505992,15.61454340398562,False,False,True,"[861857, 861858, 861859, 861860]",1720498882.3841975,1720498890.051069
4,139510.15547174736,16.27265239830383,True,False,True,"[861861, 861862, 861863, 861864]",1720498890.0563889,1720498897.768539
5,139518.50005915295,16.026909599861057,True,True,True,"[861861, 861862, 861863, 861864]",1720498890.0563889,1720498897.768539
6,139488.79734329187,16.803767196860314,False,True,True,"[861865, 861866, 861867, 861868]",1720498897.7735436,1720498905.438226
7,139464.08459947756,16.387462038994418,False,False,True,"[861865, 861866, 861867, 861868]",1720498897.7735436,1720498905.438226
8,139385.98068653315,16.09157556284091,True,False,True,"[861869, 861870, 861871, 861872]",1720498905.4790487,1720498913.190841
9,139423.45299584305,15.901567620793498,True,True,True,"[861869, 861870, 861871, 861872]",1720498905.4790487,1720498913.190841
10,139415.26347451095,18.77948599641384,False,True,True,"[861873, 861874, 861875, 861876]",1720498913.2309716,1720498920.945255
11,139428.38990785426,17.6768601163219,False,False,True,"[861873, 861874, 861875, 861876]",1720498913.2309716,1720498920.945255
12,139438.44786668778,18.846016147140205,True,False,True,"[861877, 861878, 861879, 861880]",1720498920.9505327,1720498928.717514
13,139426.9693821518,18.259441426976277,True,True,True,"[861877, 861878, 861879, 861880]",1720498920.9505327,1720498928.717514
14,139481.0333563524,19.741590469038847,False,True,True,"[861881, 861882, 861883, 861884]",1720498928.7225735,1720498936.447659
15,139452.9880032476,18.781814699777026,False,False,True,"[861881, 861882, 861883, 861884]",1720498928.7225735,1720498936.447659
16,139499.02293549388,17.388957171265996,True,False,True,"[861885, 861886, 861887, 861888]",1720498936.4840038,1720498944.194264
17,139516.56911228716,17.04290631998186,True,True,True,"[861885, 861886, 861887, 861888]",1720498936.4840038,1720498944.194264
18,139571.91540914276,14.610801139953459,False,True,True,"[861889, 861890, 861891, 861892]",1720498944.1994488,1720498951.889383
19,139588.61835403417,14.666536347321006,False,False,True,"[861889, 861890, 861891, 861892]",1720498944.1994488,1720498951.889383
20,139535.19318271513,13.579991065413145,True,False,True,"[861893, 861894, 861895, 861896]",1720498951.8945892,1720498959.530475
21,139553.28367240942,13.573309201419493,True,True,True,"[861893, 861894, 861895, 861896]",1720498951.8945892,1720498959.530475
22,139482.53679309343,18.336490707430105,False,True,True,"[861897, 861898, 861899, 861900]",1720498959.57259,1720498967.245654
23,139507.332454252,18.361124718337393,False,False,True,"[861897, 861898, 861899, 861900]",1720498959.57259,1720498967.245654
24,139465.55201345577,18.24680649928539,True,False,True,"[861901, 861902, 861903, 861904]",1720498967.2511675,1720498974.937955
25,139470.90847133705,17.581099965744976,True,True,True,"[861901, 861902, 861903, 861904]",1720498967.2511675,1720498974.937955
26,139591.8018728031,14.804996626950441,False,True,True,"[861905, 861906, 861907, 861908]",1720498974.9431274,1720498982.635587
27,139588.45267799334,14.689321172559854,False,False,True,"[861905, 861906, 861907, 861908]",1720498974.9431274,1720498982.635587
28,139483.05016194208,12.990972960862523,True,False,True,"[861909, 861910, 861911, 861912]",1720498982.6407406,1720498990.336497
29,139480.49516772814,13.086525403589725,True,True,True,"[861909, 861910, 861911, 861912]",1720498982.6407406,1720498990.336497
30,139579.5456287926,17.51171026394601,False,True,True,"[861913, 861914, 861915, 861916]",1720498990.3417559,1720498998.007352
31,139622.59753481942,17.318675914997687,False,False,True,"[861913, 861914, 861915, 861916]",1720498990.3417559,1720498998.007352
32,139451.33142815062,13.929883251038477,True,False,True,"[861917, 861918, 861919, 861920]",1720498998.0125315,1720499005.717762
33,139453.6585172079,13.375065922655084,True,True,True,"[861917, 861918, 861919, 861920]",1720498998.0125315,1720499005.717762
34,139550.73849325554,16.21923842944569,False,True,True,"[861921, 861922, 861923, 861924]",1720499005.722895,1720499013.379703
35,139554.52457210494,16.69364120983964,False,False,True,"[861921, 861922, 861923, 861924]",1720499005.722895,1720499013.379703
36,139425.13178630316,17.521489594003892,True,False,True,"[861925, 861926, 861927, 861928]",1720499013.384941,1720499021.086546
37,139427.63573510654,17.331866247972442,True,True,True,"[861925, 861926, 861927, 861928]",1720499013.384941,1720499021.086546
38,139384.85931521145,18.16331841275027,False,True,True,"[861929, 861930, 861931, 861932]",1720499021.0916805,1720499028.773561
39,139374.12334940373,18.014233111080053,False,False,True,"[861929, 861930, 861931, 861932]",1720499021.0916805,1720499028.773561
40,139482.75724831672,17.421083191765362,True,False,True,"[861933, 861934, 861935, 861936]",1720499028.778688,1720499036.482394
41,139499.3487010481,17.430602863387534,True,True,True,"[861933, 861934, 861935, 861936]",1720499028.778688,1720499036.482394
42,139360.89362729277,16.107783151529034,False,True,True,"[861937, 861938, 861939, 861940]",1720499036.5252175,1720499044.225733
43,139360.9980789055,15.544216196565166,False,False,True,"[861937, 861938, 861939, 861940]",1720499036.5252175,1720499044.225733
44,139532.51880474412,16.669987010945974,True,False,True,"[861941, 861942, 861943, 861944]",1720499044.2308311,1720499051.881034
45,139503.1442873215,15.97714031364223,True,True,True,"[861941, 861942, 861943, 861944]",1720499044.2308311,1720499051.881034
46,139487.1430326843,14.349024573059975,False,True,True,"[861945, 861946, 861947, 861948]",1720499051.8862982,1720499059.574463
47,139516.06446165298,14.132628656824693,False,False,True,"[861945, 861946, 861947, 861948]",1720499051.8862982,1720499059.574463
48,139465.93514509298,17.678498963587675,True,False,True,"[861949, 861950, 861951, 861952]",1720499059.5798905,1720499067.266986
49,139478.3058340837,17.584650050786838,True,True,True,"[861949, 861950, 861951, 861952]",1720499059.5798905,1720499067.266986
50,139568.89936931158,17.145347918340168,False,True,True,"[861953, 861954, 861955, 861956]",1720499067.272089,1720499074.979472
51,139542.07734061088,17.039761824430236,False,False,True,"[861953, 861954, 861955, 861956]",1720499067.272089,1720499074.979472
52,139408.55494752227,17.998604054150995,True,False,True,"[861957, 861958, 861959, 861960]",1720499074.9847085,1720499082.673118
53,139420.07673627004,17.864930833646586,True,True,True,"[861957, 861958, 861959, 861960]",1720499074.9847085,1720499082.673118
54,139439.40881622795,16.72329558594608,False,True,True,"[861961, 861962, 861963, 861964]",1720499082.6785638,1720499090.385742
55,139431.09833672017,15.984162406636885,False,False,True,"[861961, 861962, 861963, 861964]",1720499082.6785638,1720499090.385742
56,139618.7998861586,18.269208092475,True,False,True,"[861965, 861966, 861967, 861968]",1720499090.390945,1720499098.054028
57,139645.8410221505,18.07919642686124,True,True,True,"[861965, 861966, 861967, 861968]",1720499090.390945,1720499098.054028
58,139421.92966138019,18.757885704391256,False,True,True,"[861969, 861970, 861971, 861972]",1720499098.0600448,1720499105.716246
59,139423.28090234098,18.208469939710888,False,False,True,"[861969, 861970, 861971, 861972]",1720499098.0600448,1720499105.716246
60,139532.83342988373,15.372064026884612,True,False,True,"[861973, 861974, 861975, 861976]",1720499105.7552204,1720499113.443355
61,139531.31029355235,14.946790931772645,True,True,True,"[861973, 861974, 861975, 861976]",1720499105.7552204,1720499113.443355
62,139560.29694980892,17.019248902117173,False,True,True,"[861977, 861978, 861979, 861980]",1720499113.448537,1720499121.158187
63,139568.43306021378,16.5316381001449,False,False,True,"[861977, 861978, 861979, 861980]",1720499113.448537,1720499121.158187
64,139556.89542540716,16.596582352290792,True,False,True,"[861981, 861982, 861983, 861984]",1720499121.1634192,1720499128.852645
65,139548.0876686065,16.3066047266068,True,True,True,"[861981, 861982, 861983, 861984]",1720499121.1634192,1720499128.852645
66,139544.61857338052,20.092744571112693,False,True,True,"[861985, 861986, 861987, 861988]",1720499128.8577418,1720499136.55301
67,139564.6712358672,20.043395545610863,False,False,True,"[861985, 861986, 861987, 861988]",1720499128.8577418,1720499136.55301
68,139505.84575310437,19.049594202982398,True,False,True,"[861989, 861990, 861991, 861992]",1720499136.5969417,1720499144.242822
69,139543.28806724394,18.534942512704415,True,True,True,"[861989, 861990, 861991, 861992]",1720499136.5969417,1720499144.242822
70,139417.43424993372,14.701375095531821,False,True,True,"[861993, 861994, 861995, 861996]",1720499144.2481444,1720499151.912778
71,139394.61000002536,14.612758820895554,False,False,True,"[861993, 861994, 861995, 861996]",1720499144.2481444,1720499151.912778
72,139487.95581717187,20.04970713089873,True,False,True,"[861997, 861998, 861999, 862000]",1720499151.951126,1720499159.620048
73,139502.19337913865,19.634925159570173,True,True,True,"[861997, 861998, 861999, 862000]",1720499151.951126,1720499159.620048
74,139418.34052424523,19.485104177736073,False,True,True,"[862001, 862002, 862003, 862004]",1720499159.6256943,1720499167.302846
75,139418.16992678502,19.2436316645529,False,False,True,"[862001, 862002, 862003, 862004]",1720499159.6256943,1720499167.302846
76,139449.60067514083,16.327430962591933,True,False,True,"[862005, 862006, 862007, 862008]",1720499167.3081474,1720499174.973591
77,139445.81503728378,16.58901856456086,True,True,True,"[862005, 862006, 862007, 862008]",1720499167.3081474,1720499174.973591
78,139442.48350372745,16.084470914793503,False,True,True,"[862009, 862010, 862011, 862012]",1720499174.9787595,1720499182.683841
79,139445.91581233853,15.945453861161871,False,False,True,"[862009, 862010, 862011, 862012]",1720499174.9787595,1720499182.683841
80,139364.2392455788,13.783061789212308,True,False,True,"[862013, 862014, 862015, 862016]",1720499182.6890233,1720499190.327915
81,139382.59744953783,13.658380211387247,True,True,True,"[862013, 862014, 862015, 862016]",1720499182.6890233,1720499190.327915
82,139598.943389206,20.656590624061607,False,True,True,"[862017, 862018, 862019, 862020]",1720499190.333344,1720499198.043008
83,139639.3262238667,20.543944769690494,False,False,True,"[862017, 862018, 862019, 862020]",1720499190.333344,1720499198.043008
84,139453.1887837779,17.29810739954307,True,False,True,"[862021, 862022, 862023, 862024]",1720499198.0482206,1720499205.719643
85,139475.27710158122,16.988709243160145,True,True,True,"[862021, 862022, 862023, 862024]",1720499198.0482206,1720499205.719643
86,139371.82903553388,17.96713560835451,False,True,True,"[862025, 862026, 862027, 862028]",1720499205.7247005,1720499213.397433
87,139371.39123271778,17.427962611746562,False,False,True,"[862025, 862026, 862027, 862028]",1720499205.7247005,1720499213.397433
88,139661.8689632967,16.080161607237123,True,False,True,"[862029, 862030, 862031, 862032]",1720499213.4028292,1720499221.069573
89,139653.9067328779,15.556603951762531,True,True,True,"[862029, 862030, 862031, 862032]",1720499213.4028292,1720499221.069573
90,139485.96204188347,17.30827346734052,False,True,True,"[862033, 862034, 862035, 862036]",1720499221.0747495,1720499228.710354
91,139460.4081800786,16.617200886955466,False,False,True,"[862033, 862034, 862035, 862036]",1720499221.0747495,1720499228.710354
92,139426.44209594897,16.712675885112038,True,False,True,"[862037, 862038, 862039, 862040]",1720499228.7156262,1720499236.412439
93,139434.34577962587,16.54592665750313,True,True,True,"[862037, 862038, 862039, 862040]",1720499228.7156262,1720499236.412439
94,139309.0741602206,17.11429626303485,False,True,True,"[862041, 862042, 862043, 862044]",1720499236.4176612,1720499244.074698
95,139344.8501321497,16.364879891916303,False,False,True,"[862041, 862042, 862043, 862044]",1720499236.4176612,1720499244.074698
96,139350.3711502761,19.33826509791582,True,False,True,"[862045, 862046, 862047, 862048]",1720499244.0799372,1720499251.782879
97,139358.01067695123,18.860963106278124,True,True,True,"[862045, 862046, 862047, 862048]",1720499244.0799372,1720499251.782879
98,139479.7954529351,15.120527384624431,False,True,True,"[862049, 862050, 862051, 862052]",1720499251.7879448,1720499259.447155
99,139458.35898474616,14.803399176707451,False,False,True,"[862049, 862050, 862051, 862052]",1720499251.7879448,1720499259.447155
100,139426.3840425014,13.32528049045987,True,False,True,"[862053, 862054, 862055, 862056]",1720499259.4523816,1720499267.149229
101,139434.9962123972,12.980387218544902,True,True,True,"[862053, 862054, 862055, 862056]",1720499259.4523816,1720499267.149229
102,139429.7597048525,17.759184895194654,False,True,True,"[862057, 862058, 862059, 862060]",1720499267.1544561,1720499274.864663
103,139458.11187243997,17.277354105357542,False,False,True,"[862057, 862058, 862059, 862060]",1720499267.1544561,1720499274.864663
104,139608.11757658832,18.129885298076413,True,False,True,"[862061, 862062, 862063, 862064]",1720499274.870615,1720499282.542897
105,139603.64954092947,17.8621549960095,True,True,True,"[862061, 862062, 862063, 862064]",1720499274.870615,1720499282.542897
106,139504.56581799898,12.973278423295971,False,True,True,"[862065, 862066, 862067, 862068]",1720499282.5829136,1720499290.253625
107,139513.38953512663,12.893872493848773,False,False,True,"[862065, 862066, 862067, 862068]",1720499282.5829136,1720499290.253625
108,139510.1795397006,13.994610730413331,True,False,True,"[862069, 862070, 862071, 862072]",1720499290.2588875,1720499297.928757
109,139518.3745846592,13.959606218638767,True,True,True,"[862069, 862070, 862071, 862072]",1720499290.2588875,1720499297.928757
110,139504.06471344017,18.285867840833635,False,True,True,"[862073, 862074, 862075, 862076]",1720499297.9340434,1720499305.64585
111,139503.52306325643,17.60512139002454,False,False,True,"[862073, 862074, 862075, 862076]",1720499297.9340434,1720499305.64585
112,139371.06487602618,17.305931572025194,True,False,True,"[862077, 862078, 862079, 862080]",1720499305.6512525,1720499313.3449
113,139390.19701446817,17.686543072868663,True,True,True,"[862077, 862078, 862079, 862080]",1720499305.6512525,1720499313.3449
114,139499.76687618304,16.335556566421314,False,True,True,"[862081, 862082, 862083, 862084]",1720499313.3504138,1720499321.021997
115,139498.3831938973,15.598146123417104,False,False,True,"[862081, 862082, 862083, 862084]",1720499313.3504138,1720499321.021997
116,139534.26130657987,16.017767472826264,True,False,True,"[862085, 862086, 862087, 862088]",1720499321.0278606,1720499328.766775
117,139530.9629827841,15.458109859021896,True,True,True,"[862085, 862086, 862087, 862088]",1720499321.0278606,1720499328.766775
118,139475.8458566525,18.99018335217222,False,True,True,"[862089, 862090, 862091, 862092]",1720499328.7718866,1720499336.445121
119,139463.80616374483,18.03363696963999,False,False,True,"[862089, 862090, 862091, 862092]",1720499328.7718866,1720499336.445121
120,139456.18812621044,11.099373356278617,True,False,True,"[862093, 862094, 862095, 862096]",1720499336.483426,1720499344.149017
121,139454.75377776785,11.016031441705781,True,True,True,"[862093, 862094, 862095, 862096]",1720499336.483426,1720499344.149017
122,139638.48282326313,20.184623614177593,False,True,True,"[862097, 862098, 862099, 862100]",1720499344.154272,1720499351.855869
123,139658.54406431277,20.21220478391162,False,False,True,"[862097, 862098, 862099, 862100]",1720499344.154272,1720499351.855869
124,139470.05106364787,19.286330571181008,True,False,True,"[862101, 862102, 862103, 862104]",1720499351.8611689,1720499359.508088
125,139483.3528262797,19.00330635458979,True,True,True,"[862101, 862102, 862103, 862104]",1720499351.8611689,1720499359.508088
126,139557.65823796586,13.018892521641453,False,True,True,"[862105, 862106, 862107, 862108]",1720499359.5132325,1720499367.212228
127,139550.5884852836,12.638530683875679,False,False,True,"[862105, 862106, 862107, 862108]",1720499359.5132325,1720499367.212228
128,139608.42732379906,16.777262260760246,True,False,True,"[862109, 862110, 862111, 862112]",1720499367.2175877,1720499374.909609
129,139648.3726742917,16.685545101381106,True,True,True,"[862109, 862110, 862111, 862112]",1720499367.2175877,1720499374.909609
130,139375.56823068537,19.367822033659085,False,True,True,"[862113, 862114, 862115, 862116]",1720499374.9148145,1720499382.640327
131,139369.35741228392,18.674554037683915,False,False,True,"[862113, 862114, 862115, 862116]",1720499374.9148145,1720499382.640327
132,139476.18534627682,15.678501137013493,True,False,True,"[862117, 862118, 862119, 862120]",1720499382.6455016,1720499390.296999
133,139491.10618346083,15.537511263636448,True,True,True,"[862117, 862118, 862119, 862120]",1720499382.6455016,1720499390.296999
134,139651.67407297392,13.331605186651228,False,True,True,"[862121, 862122, 862123, 862124]",1720499390.3394256,1720499398.041655
135,139645.4476669172,13.127893142752106,False,False,True,"[862121, 862122, 862123, 862124]",1720499390.3394256,1720499398.041655
136,139478.40994261994,19.333013153535855,True,False,True,"[862125, 862126, 862127, 862128]",1720499398.046983,1720499405.696368
137,139491.9390804077,18.501010845215895,True,True,True,"[862125, 862126, 862127, 862128]",1720499398.046983,1720499405.696368
138,139647.48943427886,12.850688494244055,False,True,True,"[862129, 862130, 862131, 862132]",1720499405.7352057,1720499413.410214
139,139668.92031417042,12.684580214110685,False,False,True,"[862129, 862130, 862131, 862132]",1720499405.7352057,1720499413.410214
140,139576.4480746099,16.417680633535404,True,False,True,"[862133, 862134, 862135, 862136]",1720499413.4157846,1720499421.104921
141,139568.17139689464,16.436288495926366,True,True,True,"[862133, 862134, 862135, 862136]",1720499413.4157846,1720499421.104921
142,139526.21210642075,18.207746669286557,False,True,True,"[862137, 862138, 862139, 862140]",1720499421.1100116,1720499428.813319
143,139549.2950572675,17.877001405861247,False,False,True,"[862137, 862138, 862139, 862140]",1720499421.1100116,1720499428.813319
144,139588.28188442995,16.17784981298447,True,False,True,"[862141, 862142, 862143, 862144]",1720499428.818697,1720499436.516464
145,139643.08431552566,15.866308523166834,True,True,True,"[862141, 862142, 862143, 862144]",1720499428.818697,1720499436.516464
146,139551.5495102143,19.99836230889981,False,True,True,"[862145, 862146, 862147, 862148]",1720499436.5215333,1720499444.225203
147,139564.97192275463,19.523153216647636,False,False,True,"[862145, 862146, 862147, 862148]",1720499436.5215333,1720499444.225203
148,139490.58393602213,15.101247266850114,True,False,True,"[862149, 862150, 862151, 862152]",1720499444.230535,1720499451.893704
149,139471.55887041189,14.409055186102972,True,True,True,"[862149, 862150, 862151, 862152]",1720499444.230535,1720499451.893704
150,139482.48122869752,17.136472462236938,False,True,True,"[862153, 862154, 862155, 862156]",1720499451.8988125,1720499459.571869
151,139498.3472266636,16.9779504701843,False,False,True,"[862153, 862154, 862155, 862156]",1720499451.8988125,1720499459.571869
152,139475.5372170214,16.746378254290043,True,False,True,"[862157, 862158, 862159, 862160]",1720499459.6119993,1720499467.258346
153,139485.2735041678,16.600016162422307,True,True,True,"[862157, 862158, 862159, 862160]",1720499459.6119993,1720499467.258346
154,139413.75392225944,14.181414868434013,False,True,True,"[862161, 862162, 862163, 862164]",1720499467.2969105,1720499474.992054
155,139436.54163605243,14.041141582365718,False,False,True,"[862161, 862162, 862163, 862164]",1720499467.2969105,1720499474.992054
156,139505.94599381895,12.432291671581744,True,False,True,"[862165, 862166, 862167, 862168]",1720499474.9972308,1720499482.736908
157,139508.33083624492,12.230553758912928,True,True,True,"[862165, 862166, 862167, 862168]",1720499474.9972308,1720499482.736908
158,139531.19901293455,13.210987838953066,False,True,True,"[862169, 862170, 862171, 862172]",1720499482.7421858,1720499490.413917
159,139526.91544799012,12.971975716983938,False,False,True,"[862169, 862170, 862171, 862172]",1720499482.7421858,1720499490.413917
160,139386.95525644568,13.7697860105294,True,False,True,"[862173, 862174, 862175, 862176]",1720499490.4566336,1720499498.129467
161,139401.1728179359,13.143334588572253,True,True,True,"[862173, 862174, 862175, 862176]",1720499490.4566336,1720499498.129467
162,139421.82420322334,13.54068935887887,False,True,True,"[862177, 862178, 862179, 862180]",1720499498.1346343,1720499505.830056
163,139407.9279288061,13.156300354589899,False,False,True,"[862177, 862178, 862179, 862180]",1720499498.1346343,1720499505.830056
164,139336.03959969076,14.49355974076252,True,False,True,"[862181, 862182, 862183, 862184]",1720499505.8351598,1720499513.540806
165,139370.83857232708,14.589698608563676,True,True,True,"[862181, 862182, 862183, 862184]",1720499505.8351598,1720499513.540806
166,139436.0881149837,16.283758255716236,False,True,True,"[862185, 862186, 862187, 862188]",1720499513.5459158,1720499521.256622
167,139450.93802465554,15.728606435626117,False,False,True,"[862185, 862186, 862187, 862188]",1720499513.5459158,1720499521.256622
168,139660.44231186714,22.239072556357076,True,False,True,"[862189, 862190, 862191, 862192]",1720499521.2619896,1720499528.977002
169,139646.887416447,21.742059493435082,True,True,True,"[862189, 862190, 862191, 862192]",1720499521.2619896,1720499528.977002
170,139553.08805076883,14.090259248691305,False,True,True,"[862193, 862194, 862195, 862196]",1720499528.9826176,1720499536.652712
171,139564.1191744908,13.814312745242212,False,False,True,"[862193, 862194, 862195, 862196]",1720499528.9826176,1720499536.652712
172,139544.97370081733,15.029550479819763,True,False,True,"[862197, 862198, 862199, 862200]",1720499536.658025,1720499544.365157
173,139569.85032632842,15.010367433273757,True,True,True,"[862197, 862198, 862199, 862200]",1720499536.658025,1720499544.365157
174,139454.8847593789,15.876149519765791,False,True,True,"[862201, 862202, 862203, 862204]",1720499544.4042478,1720499552.080845
175,139469.38359835997,15.361669932109825,False,False,True,"[862201, 862202, 862203, 862204]",1720499544.4042478,1720499552.080845
176,139559.6276265617,18.713028965737237,True,False,True,"[862205, 862206, 862207, 862208]",1720499552.0861895,1720499559.789357
177,139552.01382452485,18.282466347453028,True,True,True,"[862205, 862206, 862207, 862208]",1720499552.0861895,1720499559.789357
178,139349.08874720882,16.184098521498413,False,True,True,"[862209, 862210, 862211, 862212]",1720499559.8261087,1720499567.500941
179,139369.0056075248,15.490633671869599,False,False,True,"[862209, 862210, 862211, 862212]",1720499559.8261087,1720499567.500941
180,139398.26824027864,15.50453593405272,True,False,True,"[862213, 862214, 862215, 862216]",1720499567.5064545,1720499575.191471
181,139397.52787479616,15.474006057607035,True,True,True,"[862213, 862214, 862215, 862216]",1720499567.5064545,1720499575.191471
182,139405.72229386802,19.481747941135676,False,True,True,"[862217, 862218, 862219, 862220]",1720499575.1966162,1720499582.882485
183,139448.82253420667,19.071490853545203,False,False,True,"[862217, 862218, 862219, 862220]",1720499575.1966162,1720499582.882485
184,139511.31835463256,19.194529731746208,True,False,True,"[862221, 862222, 862223, 862224]",1720499582.9213493,1720499590.626379
185,139524.2348185024,18.946705997258704,True,True,True,"[862221, 862222, 862223, 862224]",1720499582.9213493,1720499590.626379
186,139523.3488852711,13.24037880146817,False,True,True,"[862225, 862226, 862227, 862228]",1720499590.6315703,1720499598.342535
187,139512.32450936493,12.790274622097478,False,False,True,"[862225, 862226, 862227, 862228]",1720499590.6315703,1720499598.342535
188,139353.90040875514,16.975954425440783,True,False,True,"[862229, 862230, 862231, 862232]",1720499598.3478572,1720499606.047411
189,139367.0713771283,16.382544889133953,True,True,True,"[862229, 862230, 862231, 862232]",1720499598.3478572,1720499606.047411
190,139534.83609174448,15.98983824497916,False,True,True,"[862233, 862234, 862235, 862236]",1720499606.0525265,1720499613.721727
191,139522.59930953948,15.729381244875592,False,False,True,"[862233, 862234, 862235, 862236]",1720499606.0525265,1720499613.721727
192,139408.06305110073,15.419773740187894,True,False,True,"[862237, 862238, 862239, 862240]",1720499613.7271602,1720499621.395803
193,139427.60348466874,15.592900864745292,True,True,True,"[862237, 862238, 862239, 862240]",1720499613.7271602,1720499621.395803
194,139496.1035251598,13.995212475828817,False,True,True,"[862241, 862242, 862243, 862244]",1720499621.401008,1720499629.086238
195,139488.4712745335,13.840388991753684,False,False,True,"[862241, 862242, 862243, 862244]",1720499621.401008,1720499629.086238
196,139553.43535322824,18.480305239375593,True,False,True,"[862245, 862246, 862247, 862248]",1720499629.091537,1720499636.764227
197,139562.62945656892,18.151356861730157,True,True,True,"[862245, 862246, 862247, 862248]",1720499629.091537,1720499636.764227
198,139473.4837973064,16.31539625546263,False,True,True,"[862249, 862250, 862251, 862252]",1720499636.7694073,1720499644.46869
199,139450.1239761846,15.672411516034469,False,False,True,"[862249, 862250, 862251, 862252]",1720499636.7694073,1720499644.46869
200,139423.8260476841,15.305841921646126,True,False,True,"[862253, 862254, 862255, 862256]",1720499644.474981,1720499652.149368
201,139412.8187704577,15.113899513943373,True,True,True,"[862253, 862254, 862255, 862256]",1720499644.474981,1720499652.149368
202,139465.47774838557,17.635673413843303,False,True,True,"[862257, 862258, 862259, 862260]",1720499652.1911814,1720499659.847251
203,139462.42154196725,17.403789599276458,False,False,True,"[862257, 862258, 862259, 862260]",1720499652.1911814,1720499659.847251
204,139364.90627095755,22.603882150144223,True,False,True,"[862261, 862262, 862263, 862264]",1720499659.8525286,1720499667.522882
205,139386.5449868557,21.857497214239608,True,True,True,"[862261, 862262, 862263, 862264]",1720499659.8525286,1720499667.522882
206,139532.11255920312,15.170180419535884,False,True,True,"[862265, 862266, 862267, 862268]",1720499667.5281124,1720499675.231095
207,139486.2126250627,15.162857715350125,False,False,True,"[862265, 862266, 862267, 862268]",1720499667.5281124,1720499675.231095
208,139401.77371190788,14.725704754960157,True,False,True,"[862269, 862270, 862271, 862272]",1720499675.236346,1720499682.972843
209,139395.14579377352,14.532591704134258,True,True,True,"[862269, 862270, 862271, 862272]",1720499675.236346,1720499682.972843
210,139543.7298764412,18.69878086022719,False,True,True,"[862273, 862274, 862275, 862276]",1720499682.9780593,1720499690.654053
211,139543.4259246595,18.102449016422337,False,False,True,"[862273, 862274, 862275, 862276]",1720499682.9780593,1720499690.654053
212,139376.900213436,18.629117473262806,True,False,True,"[862277, 862278, 862279, 862280]",1720499690.6593647,1720499698.363891
213,139368.40967607422,18.311645818124603,True,True,True,"[862277, 862278, 862279, 862280]",1720499690.6593647,1720499698.363891
214,139509.0658572956,15.4760652796495,False,True,True,"[862281, 862282, 862283, 862284]",1720499698.3691328,1720499706.046326
215,139534.19221372087,15.152460463965669,False,False,True,"[862281, 862282, 862283, 862284]",1720499698.3691328,1720499706.046326
216,139426.53232081086,12.996046675775897,True,False,True,"[862285, 862286, 862287, 862288]",1720499706.0843859,1720499713.787422
217,139473.19656258947,12.896695965168615,True,True,True,"[862285, 862286, 862287, 862288]",1720499706.0843859,1720499713.787422
218,139265.8203811052,20.164393548033075,False,True,True,"[862289, 862290, 862291, 862292]",1720499713.7925706,1720499721.437908
219,139260.7240370049,19.88632283202445,False,False,True,"[862289, 862290, 862291, 862292]",1720499713.7925706,1720499721.437908
220,139593.1352785476,18.14636188018722,True,False,True,"[862293, 862294, 862295, 862296]",1720499721.4433932,1720499729.116672
221,139613.36596824488,18.012061271238327,True,True,True,"[862293, 862294, 862295, 862296]",1720499721.4433932,1720499729.116672
222,139453.99737127838,18.112637920369863,False,True,True,"[862297, 862298, 862299, 862300]",1720499729.121922,1720499736.835971
223,139452.34657543915,17.426123443765132,False,False,True,"[862297, 862298, 862299, 862300]",1720499729.121922,1720499736.835971
224,139520.55475195107,15.227127198827942,True,False,True,"[862301, 862302, 862303, 862304]",1720499736.875166,1720499744.54616
225,139491.97733338215,14.63082425420179,True,True,True,"[862301, 862302, 862303, 862304]",1720499736.875166,1720499744.54616
226,139521.71584920367,17.291487226986085,False,True,True,"[862305, 862306, 862307, 862308]",1720499744.5512502,1720499752.260072
227,139540.82196737741,17.540009431404044,False,False,True,"[862305, 862306, 862307, 862308]",1720499744.5512502,1720499752.260072
228,139479.44388610678,18.050677148165942,True,False,True,"[862309, 862310, 862311, 862312]",1720499752.265477,1720499759.965454
229,139481.7387692842,17.751541823417774,True,True,True,"[862309, 862310, 862311, 862312]",1720499752.265477,1720499759.965454
230,139588.20409017365,18.098637521185744,False,True,True,"[862313, 862314, 862315, 862316]",1720499759.9706833,1720499767.677637
231,139585.92968873895,17.83873800460232,False,False,True,"[862313, 862314, 862315, 862316]",1720499759.9706833,1720499767.677637
232,139416.52029579872,18.920769053554817,True,False,True,"[862317, 862318, 862319, 862320]",1720499767.6846359,1720499775.36585
233,139423.0259991696,18.619283336883374,True,True,True,"[862317, 862318, 862319, 862320]",1720499767.6846359,1720499775.36585
234,139443.8400129718,19.264508967930965,False,True,True,"[862321, 862322, 862323, 862324]",1720499775.371079,1720499783.074245
235,139448.64203861804,18.60048867732659,False,False,True,"[862321, 862322, 862323, 862324]",1720499775.371079,1720499783.074245
236,139441.66918714976,17.192198156382517,True,False,True,"[862325, 862326, 862327, 862328]",1720499783.07952,1720499790.745005
237,139450.67593747674,16.666761993912765,True,True,True,"[862325, 862326, 862327, 862328]",1720499783.07952,1720499790.745005
238,139492.31697249738,18.627394146403255,False,True,True,"[862329, 862330, 862331, 862332]",1720499790.7502625,1720499798.457077
239,139468.66183539949,18.267587306766163,False,False,True,"[862329, 862330, 862331, 862332]",1720499790.7502625,1720499798.457077
240,139737.7129586943,17.077739992960147,True,False,True,"[862333, 862334, 862335, 862336]",1720499798.46243,1720499806.174568
241,139720.51653385774,16.584405463105405,True,True,True,"[862333, 862334, 862335, 862336]",1720499798.46243,1720499806.174568
242,139446.70963406155,17.793597472378284,False,True,True,"[862337, 862338, 862339, 862340]",1720499806.179901,1720499813.853197
243,139451.70777495488,17.213999037823083,False,False,True,"[862337, 862338, 862339, 862340]",1720499806.179901,1720499813.853197
244,139405.06845766387,16.08807564316976,True,False,True,"[862341, 862342, 862343, 862344]",1720499813.8586783,1720499821.562419
245,139399.47284915988,16.14490548849773,True,True,True,"[862341, 862342, 862343, 862344]",1720499813.8586783,1720499821.562419
246,139491.97474845228,23.27300171271888,False,True,True,"[862345, 862346, 862347, 862348]",1720499821.5676785,1720499829.266573
247,139522.2940410956,22.781115984493873,False,False,True,"[862345, 862346, 862347, 862348]",1720499821.5676785,1720499829.266573
248,139625.23652591344,19.24182584724814,True,False,True,"[862349, 862350, 862351, 862352]",1720499829.2718365,1720499836.963353
249,139622.65158966123,18.954281460267396,True,True,True,"[862349, 862350, 862351, 862352]",1720499829.2718365,1720499836.963353
250,139491.4431814007,23.266828883117142,False,True,True,"[862353, 862354, 862355, 862356]",1720499837.0039556,1720499844.712609
251,139496.65919799663,22.98102479161333,False,False,True,"[862353, 862354, 862355, 862356]",1720499837.0039556,1720499844.712609
252,139310.63099924076,15.001621813148342,True,False,True,"[862357, 862358, 862359, 862360]",1720499844.7179198,1720499852.427233
253,139311.32894009457,15.138863785738767,True,True,True,"[862357, 862358, 862359, 862360]",1720499844.7179198,1720499852.427233
254,139466.57061064022,13.809998164793297,False,True,True,"[862361, 862362, 862363, 862364]",1720499852.43258,1720499860.170813
255,139481.93406132748,13.064270869742488,False,False,True,"[862361, 862362, 862363, 862364]",1720499852.43258,1720499860.170813
256,139531.1521823276,17.512322961831245,True,False,True,"[862365, 862366, 862367, 862368]",1720499860.1769247,1720499867.874586
257,139560.53385574624,17.53671365432421,True,True,True,"[862365, 862366, 862367, 862368]",1720499860.1769247,1720499867.874586
258,139498.1781361743,17.671515599591242,False,True,True,"[862369, 862370, 862371, 862372]",1720499867.8797204,1720499875.573306
259,139502.0516124223,17.322857023216272,False,False,True,"[862369, 862370, 862371, 862372]",1720499867.8797204,1720499875.573306
260,139345.72251877646,17.696138549953996,True,False,True,"[862373, 862374, 862375, 862376]",1720499875.5787528,1720499883.266026
261,139333.22083252337,17.85783721658654,True,True,True,"[862373, 862374, 862375, 862376]",1720499875.5787528,1720499883.266026
262,139525.32914097374,13.694917726540284,False,True,True,"[862377, 862378, 862379, 862380]",1720499883.2713525,1720499890.959077
263,139542.03539881023,13.591531001539673,False,False,True,"[862377, 862378, 862379, 862380]",1720499883.2713525,1720499890.959077
